molecule_chembl_id,target_chembl_id,standard_type,standard_value,standard_units,assay_chembl_id
CHEMBL941,CHEMBL2111414,IC50,40.0,nM,CHEMBL846551
CHEMBL941,CHEMBL385,IC50,110.0,nM,CHEMBL705013
CHEMBL941,CHEMBL385,IC50,400.0,nM,CHEMBL700211
CHEMBL941,CHEMBL1913,IC50,240.0,nM,CHEMBL763440
CHEMBL941,CHEMBL1936,IC50,260.0,nM,CHEMBL766073
CHEMBL941,CHEMBL1974,IC50,30000.0,nM,CHEMBL766072
CHEMBL941,CHEMBL1844,IC50,960.0,nM,CHEMBL766070
CHEMBL941,CHEMBL1862,IC50,38.0,nM,CHEMBL846547
CHEMBL941,CHEMBL203,IC50,100000.0,nM,CHEMBL675386
CHEMBL941,CHEMBL267,IC50,100000.0,nM,CHEMBL822803
CHEMBL941,CHEMBL2095189,IC50,50.0,nM,CHEMBL765715
CHEMBL941,CHEMBL2094138,IC50,500000.0,nM,CHEMBL767982
CHEMBL941,CHEMBL299,IC50,100000.0,nM,CHEMBL767025
CHEMBL941,CHEMBL2996,IC50,100000.0,nM,CHEMBL766318
CHEMBL941,CHEMBL1936,IC50,100.0,nM,CHEMBL880421
CHEMBL941,CHEMBL1936,IC50,10000.0,nM,CHEMBL873572
CHEMBL941,CHEMBL1936,IC50,400.0,nM,CHEMBL883395
CHEMBL941,CHEMBL1936,IC50,5000.0,nM,CHEMBL883229
CHEMBL941,CHEMBL2095189,IC50,50.0,nM,CHEMBL857667
CHEMBL941,CHEMBL299,IC50,100000.0,nM,CHEMBL882920
CHEMBL941,CHEMBL1862,IC50,38.0,nM,CHEMBL882911
CHEMBL941,CHEMBL267,IC50,100000.0,nM,CHEMBL872195
CHEMBL941,CHEMBL1936,IC50,100.0,nM,CHEMBL872194
CHEMBL941,CHEMBL385,IC50,182.0,nM,CHEMBL862168
CHEMBL941,CHEMBL612794,IC50,14000.0,nM,CHEMBL862170
CHEMBL941,CHEMBL2007,IC50,96.0,nM,CHEMBL860933
CHEMBL941,CHEMBL1936,IC50,219.0,nM,CHEMBL860934
CHEMBL941,CHEMBL2111387,IC50,30000.0,nM,CHEMBL911505
CHEMBL941,CHEMBL2111387,IC50,30000.0,nM,CHEMBL911510
CHEMBL941,CHEMBL2111387,IC50,30000.0,nM,CHEMBL913213
CHEMBL941,CHEMBL2111387,IC50,100000.0,nM,CHEMBL913212
CHEMBL941,CHEMBL614524,IC50,7100.0,nM,CHEMBL913214
CHEMBL941,CHEMBL614524,IC50,9100.0,nM,CHEMBL913215
CHEMBL941,CHEMBL1862,IC50,40.0,nM,CHEMBL888888
CHEMBL941,CHEMBL385,IC50,180.0,nM,CHEMBL888889
CHEMBL941,CHEMBL1862,IC50,470.0,nM,CHEMBL892514
CHEMBL941,CHEMBL3905,IC50,220.0,nM,CHEMBL892515
CHEMBL941,CHEMBL4302,IC50,12589.25,nM,CHEMBL925481
CHEMBL941,CHEMBL4302,IC50,7244.36,nM,CHEMBL925479
CHEMBL941,CHEMBL612545,IC50,112.0,nM,CHEMBL990557
CHEMBL941,CHEMBL5319,IC50,31000.0,nM,CHEMBL990559
CHEMBL941,CHEMBL5393,IC50,4897.79,nM,CHEMBL974473
CHEMBL941,CHEMBL4302,IC50,7244.36,nM,CHEMBL974470
CHEMBL941,CHEMBL385,IC50,49.0,nM,CHEMBL1022427
CHEMBL941,CHEMBL1862,IC50,1100.0,nM,CHEMBL1022422
CHEMBL941,CHEMBL399,IC50,18650.0,nM,CHEMBL1022421
CHEMBL941,CHEMBL325,IC50,100000.0,nM,CHEMBL1022418
CHEMBL941,CHEMBL1865,IC50,100000.0,nM,CHEMBL1022419
CHEMBL941,CHEMBL1913,IC50,240.0,nM,CHEMBL1022424
CHEMBL941,CHEMBL279,IC50,25800.0,nM,CHEMBL1022425
CHEMBL941,CHEMBL612545,IC50,87500.0,nM,CHEMBL1022426
CHEMBL941,CHEMBL1862,IC50,100000.0,nM,CHEMBL1022423
CHEMBL941,CHEMBL392,IC50,15500.0,nM,CHEMBL1009095
CHEMBL941,CHEMBL614489,IC50,0.2,nM,CHEMBL1018859
CHEMBL941,CHEMBL382,IC50,36000.0,nM,CHEMBL1016199
CHEMBL941,CHEMBL396,IC50,24000.0,nM,CHEMBL1009094
CHEMBL941,CHEMBL614805,IC50,32000.0,nM,CHEMBL1009096
CHEMBL941,CHEMBL387,IC50,30000.0,nM,CHEMBL1009097
CHEMBL941,CHEMBL614335,IC50,17000.0,nM,CHEMBL1009098
CHEMBL941,CHEMBL400,IC50,37000.0,nM,CHEMBL1009099
CHEMBL941,CHEMBL613834,IC50,39000.0,nM,CHEMBL1009100
CHEMBL941,CHEMBL614925,IC50,53000.0,nM,CHEMBL1009101
CHEMBL941,CHEMBL614004,IC50,48000.0,nM,CHEMBL1018031
CHEMBL941,CHEMBL3879801,IC50,12000.0,nM,CHEMBL1018032
CHEMBL941,CHEMBL612263,IC50,25000.0,nM,CHEMBL1018033
CHEMBL941,CHEMBL394,IC50,10000.0,nM,CHEMBL1018034
CHEMBL941,CHEMBL390,IC50,24000.0,nM,CHEMBL1018035
CHEMBL941,CHEMBL612588,IC50,44000.0,nM,CHEMBL1018036
CHEMBL941,CHEMBL1075408,IC50,22000.0,nM,CHEMBL1018037
CHEMBL941,CHEMBL614069,IC50,31000.0,nM,CHEMBL1018038
CHEMBL941,CHEMBL3879801,IC50,19000.0,nM,CHEMBL1018039
CHEMBL941,CHEMBL614894,IC50,26000.0,nM,CHEMBL1018040
CHEMBL941,CHEMBL3879801,IC50,38000.0,nM,CHEMBL1018041
CHEMBL941,CHEMBL3879801,IC50,37000.0,nM,CHEMBL1018858
CHEMBL941,CHEMBL614540,IC50,37000.0,nM,CHEMBL1018861
CHEMBL941,CHEMBL396,IC50,25118.86,nM,CHEMBL1009094
CHEMBL941,CHEMBL392,IC50,19952.62,nM,CHEMBL1009095
CHEMBL941,CHEMBL614805,IC50,31622.78,nM,CHEMBL1009096
CHEMBL941,CHEMBL387,IC50,31622.78,nM,CHEMBL1009097
CHEMBL941,CHEMBL614335,IC50,15848.93,nM,CHEMBL1009098
CHEMBL941,CHEMBL400,IC50,39810.72,nM,CHEMBL1009099
CHEMBL941,CHEMBL613834,IC50,39810.72,nM,CHEMBL1009100
CHEMBL941,CHEMBL614925,IC50,50118.72,nM,CHEMBL1009101
CHEMBL941,CHEMBL614004,IC50,50118.72,nM,CHEMBL1018031
CHEMBL941,CHEMBL3879801,IC50,12589.25,nM,CHEMBL1018032
CHEMBL941,CHEMBL612263,IC50,25118.86,nM,CHEMBL1018033
CHEMBL941,CHEMBL394,IC50,10000.0,nM,CHEMBL1018034
CHEMBL941,CHEMBL390,IC50,25118.86,nM,CHEMBL1018035
CHEMBL941,CHEMBL612588,IC50,39810.72,nM,CHEMBL1018036
CHEMBL941,CHEMBL1075408,IC50,19952.62,nM,CHEMBL1018037
CHEMBL941,CHEMBL614069,IC50,31622.78,nM,CHEMBL1018038
CHEMBL941,CHEMBL3879801,IC50,19952.62,nM,CHEMBL1018039
CHEMBL941,CHEMBL614894,IC50,25118.86,nM,CHEMBL1018040
CHEMBL941,CHEMBL3879801,IC50,39810.72,nM,CHEMBL1018041
CHEMBL941,CHEMBL3879801,IC50,39810.72,nM,CHEMBL1018858
CHEMBL941,CHEMBL614489,IC50,0.1995,nM,CHEMBL1018859
CHEMBL941,CHEMBL382,IC50,39810.72,nM,CHEMBL1016199
CHEMBL941,CHEMBL614540,IC50,39810.72,nM,CHEMBL1018861
CHEMBL941,CHEMBL399,IC50,25118.86,nM,CHEMBL1022421
CHEMBL941,CHEMBL385,IC50,100.0,nM,CHEMBL1022427
CHEMBL941,CHEMBL1936,IC50,52.0,nM,CHEMBL955806
CHEMBL941,CHEMBL1936,IC50,46.0,nM,CHEMBL955807
CHEMBL941,CHEMBL279,IC50,25000.0,nM,CHEMBL955808
CHEMBL941,CHEMBL612545,IC50,14000.0,nM,CHEMBL955809
CHEMBL941,CHEMBL258,IC50,320.0,nM,CHEMBL955810
CHEMBL941,CHEMBL267,IC50,25000.0,nM,CHEMBL955811
CHEMBL941,CHEMBL1862,IC50,98.0,nM,CHEMBL955828
CHEMBL941,CHEMBL2007,IC50,18.0,nM,CHEMBL955829
CHEMBL941,CHEMBL1936,IC50,58.0,nM,CHEMBL990799
CHEMBL941,CHEMBL612545,IC50,13690.0,nM,CHEMBL990800
CHEMBL941,CHEMBL1936,IC50,52.0,nM,CHEMBL946386
CHEMBL941,CHEMBL260,IC50,13700.0,nM,CHEMBL946387
CHEMBL941,CHEMBL279,IC50,25000.0,nM,CHEMBL946389
CHEMBL941,CHEMBL258,IC50,320.0,nM,CHEMBL946391
CHEMBL941,CHEMBL1862,IC50,110.0,nM,CHEMBL946393
CHEMBL941,CHEMBL2096980,IC50,300.0,nM,CHEMBL951786
CHEMBL941,CHEMBL2599,IC50,5000.0,nM,CHEMBL1022010
CHEMBL941,CHEMBL1862,IC50,10000.0,nM,CHEMBL1015941
CHEMBL941,CHEMBL3879801,IC50,1700.0,nM,CHEMBL997124
CHEMBL941,CHEMBL1075463,IC50,2400.0,nM,CHEMBL997125
CHEMBL941,CHEMBL384,IC50,60.0,nM,CHEMBL997126
CHEMBL941,CHEMBL387,IC50,11500.0,nM,CHEMBL997127
CHEMBL941,CHEMBL3879801,IC50,18700.0,nM,CHEMBL1000601
CHEMBL941,CHEMBL258,IC50,160.0,nM,CHEMBL1031880
CHEMBL941,CHEMBL3879801,IC50,333.0,nM,CHEMBL1050622
CHEMBL941,CHEMBL5393,IC50,4070.0,nM,CHEMBL1047706
CHEMBL941,CHEMBL5393,IC50,3380.0,nM,CHEMBL1047707
CHEMBL941,CHEMBL1844,IC50,1274.0,nM,CHEMBL1067459
CHEMBL941,CHEMBL612545,IC50,8437.0,nM,CHEMBL1067460
CHEMBL941,CHEMBL3879801,IC50,5400.0,nM,CHEMBL1069517
CHEMBL941,CHEMBL3879801,IC50,280.0,nM,CHEMBL1069516
CHEMBL941,CHEMBL2096618,IC50,1.1,nM,CHEMBL1110561
CHEMBL941,CHEMBL612545,IC50,39.0,nM,CHEMBL1110554
CHEMBL941,CHEMBL1936,IC50,58.0,nM,CHEMBL1110555
CHEMBL941,CHEMBL1862,IC50,658.0,nM,CHEMBL1110556
CHEMBL941,CHEMBL612545,IC50,100.0,nM,CHEMBL1111496
CHEMBL941,CHEMBL1862,IC50,5000.0,nM,CHEMBL1110557
CHEMBL941,CHEMBL1862,IC50,5000.0,nM,CHEMBL1110558
CHEMBL941,CHEMBL3563,IC50,297000.0,nM,CHEMBL1119972
CHEMBL941,CHEMBL3563,IC50,207000.0,nM,CHEMBL1119971
CHEMBL941,CHEMBL3879801,IC50,350.0,nM,CHEMBL1221081
CHEMBL941,CHEMBL3099,IC50,10.8,nM,CHEMBL1220002
CHEMBL941,CHEMBL5145,IC50,100000.0,nM,CHEMBL1220001
CHEMBL941,CHEMBL260,IC50,100000.0,nM,CHEMBL1217288
CHEMBL941,CHEMBL2599,IC50,10000.0,nM,CHEMBL1249640
CHEMBL941,CHEMBL1862,IC50,188.0,nM,CHEMBL1249646
CHEMBL941,CHEMBL1936,IC50,413.0,nM,CHEMBL1249647
CHEMBL941,CHEMBL1913,IC50,386.0,nM,CHEMBL1249645
CHEMBL941,CHEMBL612558,IC50,190.0,nM,CHEMBL1249207
CHEMBL941,CHEMBL612558,IC50,20000.0,nM,CHEMBL1249208
CHEMBL941,CHEMBL2096618,IC50,204.0,nM,CHEMBL1249194
CHEMBL941,CHEMBL3879801,IC50,393.0,nM,CHEMBL1249193
CHEMBL941,CHEMBL3879801,IC50,88.0,nM,CHEMBL1249192
CHEMBL941,CHEMBL3879801,IC50,55.0,nM,CHEMBL1249783
CHEMBL941,CHEMBL3879801,IC50,190.0,nM,CHEMBL1249209
CHEMBL941,CHEMBL3879801,IC50,10000.0,nM,CHEMBL1249210
CHEMBL941,CHEMBL612558,IC50,112.0,nM,CHEMBL1249211
CHEMBL941,CHEMBL612558,IC50,10000.0,nM,CHEMBL1249212
CHEMBL941,CHEMBL383,IC50,10000.0,nM,CHEMBL1249213
CHEMBL941,CHEMBL385,IC50,109.0,nM,CHEMBL1249214
CHEMBL941,CHEMBL397,IC50,10000.0,nM,CHEMBL1249215
CHEMBL941,CHEMBL3879801,IC50,111.0,nM,CHEMBL1249216
CHEMBL941,CHEMBL3879801,IC50,257.0,nM,CHEMBL1249217
CHEMBL941,CHEMBL3879801,IC50,10000.0,nM,CHEMBL1249218
CHEMBL941,CHEMBL3879801,IC50,10000.0,nM,CHEMBL1249219
CHEMBL941,CHEMBL3879801,IC50,27.0,nM,CHEMBL1249220
CHEMBL941,CHEMBL3879801,IC50,10000.0,nM,CHEMBL1249221
CHEMBL941,CHEMBL3879801,IC50,10000.0,nM,CHEMBL1249223
CHEMBL941,CHEMBL3879801,IC50,190.0,nM,CHEMBL1249670
CHEMBL941,CHEMBL3879801,IC50,339.0,nM,CHEMBL1249668
CHEMBL941,CHEMBL3879801,IC50,962.0,nM,CHEMBL1249667
CHEMBL941,CHEMBL2096618,IC50,750.0,nM,CHEMBL1246089
CHEMBL941,CHEMBL2096618,IC50,473.0,nM,CHEMBL1251496
CHEMBL941,CHEMBL2096618,IC50,221.0,nM,CHEMBL1251495
CHEMBL941,CHEMBL2007,IC50,72.0,nM,CHEMBL1251493
CHEMBL941,CHEMBL1913,IC50,72.0,nM,CHEMBL1251492
CHEMBL941,CHEMBL1936,IC50,97.0,nM,CHEMBL1251494
CHEMBL941,CHEMBL5319,IC50,43.0,nM,CHEMBL1251491
CHEMBL941,CHEMBL5122,IC50,141.0,nM,CHEMBL1251490
CHEMBL941,CHEMBL1844,IC50,291.0,nM,CHEMBL1251497
CHEMBL941,CHEMBL385,IC50,244.0,nM,CHEMBL1251498
CHEMBL941,CHEMBL3879801,IC50,678.0,nM,CHEMBL1251499
CHEMBL941,CHEMBL3879801,IC50,39.0,nM,CHEMBL1251500
CHEMBL941,CHEMBL3879801,IC50,108.0,nM,CHEMBL1251501
CHEMBL941,CHEMBL3879801,IC50,358.0,nM,CHEMBL1251502
CHEMBL941,CHEMBL3879801,IC50,9459.0,nM,CHEMBL1251503
CHEMBL941,CHEMBL385,IC50,580.0,nM,CHEMBL1764257
CHEMBL941,CHEMBL2096618,IC50,309.0,nM,CHEMBL1763239
CHEMBL941,CHEMBL385,IC50,380.0,nM,CHEMBL1763240
CHEMBL941,CHEMBL3879801,IC50,337.0,nM,CHEMBL1763241
CHEMBL941,CHEMBL385,IC50,6.05,nM,CHEMBL1763242
CHEMBL941,CHEMBL1862,IC50,2700.0,nM,CHEMBL1768765
CHEMBL941,CHEMBL1936,IC50,370.0,nM,CHEMBL1768766
CHEMBL941,CHEMBL2007,IC50,160.0,nM,CHEMBL1768767
CHEMBL941,CHEMBL385,IC50,5400.0,nM,CHEMBL1816251
CHEMBL941,CHEMBL220,IC50,,,CHEMBL1909212
CHEMBL941,CHEMBL226,IC50,,,CHEMBL1909213
CHEMBL941,CHEMBL251,IC50,,,CHEMBL1909214
CHEMBL941,CHEMBL256,IC50,,,CHEMBL1909215
CHEMBL941,CHEMBL612545,IC50,,,CHEMBL1909084
CHEMBL941,CHEMBL319,IC50,,,CHEMBL1909085
CHEMBL941,CHEMBL315,IC50,,,CHEMBL1909086
CHEMBL941,CHEMBL223,IC50,,,CHEMBL1909087
CHEMBL941,CHEMBL1867,IC50,,,CHEMBL1909088
CHEMBL941,CHEMBL1942,IC50,,,CHEMBL1909089
CHEMBL941,CHEMBL1916,IC50,,,CHEMBL1909090
CHEMBL941,CHEMBL213,IC50,,,CHEMBL1909091
CHEMBL941,CHEMBL210,IC50,,,CHEMBL1909092
CHEMBL941,CHEMBL246,IC50,,,CHEMBL1909093
CHEMBL941,CHEMBL222,IC50,,,CHEMBL1909094
CHEMBL941,CHEMBL2622,IC50,,,CHEMBL1909095
CHEMBL941,CHEMBL4607,IC50,,,CHEMBL1909096
CHEMBL941,CHEMBL612545,IC50,,,CHEMBL1909097
CHEMBL941,CHEMBL612545,IC50,,,CHEMBL1909098
CHEMBL941,CHEMBL612545,IC50,,,CHEMBL1909099
CHEMBL941,CHEMBL3157,IC50,,,CHEMBL1909100
CHEMBL941,CHEMBL1832,IC50,,,CHEMBL1909101
CHEMBL941,CHEMBL612545,IC50,,,CHEMBL1909102
CHEMBL941,CHEMBL612545,IC50,,,CHEMBL1909103
CHEMBL941,CHEMBL612545,IC50,,,CHEMBL1909121
CHEMBL941,CHEMBL218,IC50,,,CHEMBL1909122
CHEMBL941,CHEMBL205,IC50,,,CHEMBL1909123
CHEMBL941,CHEMBL4015,IC50,,,CHEMBL1909124
CHEMBL941,CHEMBL2414,IC50,,,CHEMBL1909125
CHEMBL941,CHEMBL274,IC50,,,CHEMBL1909126
CHEMBL941,CHEMBL4029,IC50,,,CHEMBL1909127
CHEMBL941,CHEMBL2434,IC50,,,CHEMBL1909128
CHEMBL941,CHEMBL1901,IC50,,,CHEMBL1909129
CHEMBL941,CHEMBL221,IC50,,,CHEMBL1909130
CHEMBL941,CHEMBL230,IC50,,,CHEMBL1909131
CHEMBL941,CHEMBL3356,IC50,,,CHEMBL1909132
CHEMBL941,CHEMBL5282,IC50,,,CHEMBL1909133
CHEMBL941,CHEMBL3622,IC50,,,CHEMBL1909134
CHEMBL941,CHEMBL3397,IC50,,,CHEMBL1909135
CHEMBL941,CHEMBL289,IC50,,,CHEMBL1909136
CHEMBL941,CHEMBL5281,IC50,,,CHEMBL1909137
CHEMBL941,CHEMBL340,IC50,,,CHEMBL1909138
CHEMBL941,CHEMBL2056,IC50,,,CHEMBL1909139
CHEMBL941,CHEMBL217,IC50,,,CHEMBL1909140
CHEMBL941,CHEMBL234,IC50,,,CHEMBL1909141
CHEMBL941,CHEMBL219,IC50,,,CHEMBL1909142
CHEMBL941,CHEMBL238,IC50,,,CHEMBL1909143
CHEMBL941,CHEMBL252,IC50,,,CHEMBL1909144
CHEMBL941,CHEMBL206,IC50,,,CHEMBL1909145
CHEMBL941,CHEMBL242,IC50,,,CHEMBL1909146
CHEMBL941,CHEMBL612545,IC50,,,CHEMBL1909147
CHEMBL941,CHEMBL612545,IC50,,,CHEMBL1909148
CHEMBL941,CHEMBL612545,IC50,,,CHEMBL1909149
CHEMBL941,CHEMBL2034,IC50,,,CHEMBL1909150
CHEMBL941,CHEMBL612545,IC50,,,CHEMBL1909151
CHEMBL941,CHEMBL612545,IC50,,,CHEMBL1909152
CHEMBL941,CHEMBL612545,IC50,,,CHEMBL1909153
CHEMBL941,CHEMBL612545,IC50,,,CHEMBL1909154
CHEMBL941,CHEMBL3392921,IC50,,,CHEMBL1909155
CHEMBL941,CHEMBL231,IC50,,,CHEMBL1909156
CHEMBL941,CHEMBL1941,IC50,1963.0,nM,CHEMBL1909157
CHEMBL941,CHEMBL402,IC50,,,CHEMBL1909158
CHEMBL941,CHEMBL612545,IC50,,,CHEMBL1909159
CHEMBL941,CHEMBL5486,IC50,,,CHEMBL1909160
CHEMBL941,CHEMBL612545,IC50,,,CHEMBL1909161
CHEMBL941,CHEMBL612545,IC50,,,CHEMBL1909162
CHEMBL941,CHEMBL1909043,IC50,,,CHEMBL1909163
CHEMBL941,CHEMBL1798,IC50,,,CHEMBL1909164
CHEMBL941,CHEMBL4358,IC50,,,CHEMBL1909165
CHEMBL941,CHEMBL4644,IC50,,,CHEMBL1909166
CHEMBL941,CHEMBL259,IC50,,,CHEMBL1909167
CHEMBL941,CHEMBL4608,IC50,,,CHEMBL1909168
CHEMBL941,CHEMBL1951,IC50,,,CHEMBL1909169
CHEMBL941,CHEMBL216,IC50,,,CHEMBL1909170
CHEMBL941,CHEMBL211,IC50,,,CHEMBL1909171
CHEMBL941,CHEMBL245,IC50,,,CHEMBL1909172
CHEMBL941,CHEMBL1821,IC50,,,CHEMBL1909173
CHEMBL941,CHEMBL2035,IC50,,,CHEMBL1909174
CHEMBL941,CHEMBL4777,IC50,,,CHEMBL1909175
CHEMBL941,CHEMBL4018,IC50,,,CHEMBL1909176
CHEMBL941,CHEMBL612545,IC50,,,CHEMBL1909177
CHEMBL941,CHEMBL3048,IC50,,,CHEMBL1909178
CHEMBL941,CHEMBL3464,IC50,,,CHEMBL1909179
CHEMBL941,CHEMBL236,IC50,,,CHEMBL1909180
CHEMBL941,CHEMBL237,IC50,,,CHEMBL1909181
CHEMBL941,CHEMBL233,IC50,,,CHEMBL1909182
CHEMBL941,CHEMBL612545,IC50,,,CHEMBL1909183
CHEMBL941,CHEMBL612545,IC50,,,CHEMBL1909184
CHEMBL941,CHEMBL612545,IC50,,,CHEMBL1909185
CHEMBL941,CHEMBL1827,IC50,,,CHEMBL1909186
CHEMBL941,CHEMBL250,IC50,,,CHEMBL1909187
CHEMBL941,CHEMBL612545,IC50,,,CHEMBL1909188
CHEMBL941,CHEMBL612545,IC50,,,CHEMBL1909189
CHEMBL941,CHEMBL240,IC50,,,CHEMBL1909190
CHEMBL941,CHEMBL1909044,IC50,,,CHEMBL1909191
CHEMBL941,CHEMBL4074,IC50,,,CHEMBL1909192
CHEMBL941,CHEMBL4801,IC50,,,CHEMBL1909193
CHEMBL941,CHEMBL4071,IC50,,,CHEMBL1909194
CHEMBL941,CHEMBL248,IC50,,,CHEMBL1909195
CHEMBL941,CHEMBL332,IC50,,,CHEMBL1909196
CHEMBL941,CHEMBL321,IC50,,,CHEMBL1909197
CHEMBL941,CHEMBL299,IC50,,,CHEMBL1909198
CHEMBL941,CHEMBL3385,IC50,,,CHEMBL1909199
CHEMBL941,CHEMBL4040,IC50,,,CHEMBL1909200
CHEMBL941,CHEMBL260,IC50,,,CHEMBL1909201
CHEMBL941,CHEMBL4445,IC50,,,CHEMBL1909202
CHEMBL941,CHEMBL203,IC50,,,CHEMBL1909203
CHEMBL941,CHEMBL1841,IC50,,,CHEMBL1909204
CHEMBL941,CHEMBL1824,IC50,,,CHEMBL1909205
CHEMBL941,CHEMBL258,IC50,,,CHEMBL1909206
CHEMBL941,CHEMBL3243,IC50,,,CHEMBL1909207
CHEMBL941,CHEMBL612545,IC50,,,CHEMBL1909208
CHEMBL941,CHEMBL273,IC50,,,CHEMBL1909209
CHEMBL941,CHEMBL3459,IC50,,,CHEMBL1909210
CHEMBL941,CHEMBL224,IC50,1891.0,nM,CHEMBL1909211
CHEMBL941,CHEMBL1833,IC50,,,CHEMBL1909104
CHEMBL941,CHEMBL225,IC50,,,CHEMBL1909105
CHEMBL941,CHEMBL612545,IC50,,,CHEMBL1909106
CHEMBL941,CHEMBL5017,IC50,,,CHEMBL1909107
CHEMBL941,CHEMBL3371,IC50,,,CHEMBL1909108
CHEMBL941,CHEMBL228,IC50,1402.0,nM,CHEMBL1909109
CHEMBL941,CHEMBL287,IC50,,,CHEMBL1909110
CHEMBL941,CHEMBL612545,IC50,,,CHEMBL1909111
CHEMBL941,CHEMBL612545,IC50,,,CHEMBL1909112
CHEMBL941,CHEMBL249,IC50,,,CHEMBL1909113
CHEMBL941,CHEMBL2327,IC50,,,CHEMBL1909114
CHEMBL941,CHEMBL3072,IC50,,,CHEMBL1909115
CHEMBL941,CHEMBL1835,IC50,198.0,nM,CHEMBL1909116
CHEMBL941,CHEMBL612545,IC50,,,CHEMBL1909117
CHEMBL941,CHEMBL1868,IC50,,,CHEMBL1909118
CHEMBL941,CHEMBL5144,IC50,,,CHEMBL1909119
CHEMBL941,CHEMBL1889,IC50,,,CHEMBL1909120
CHEMBL941,CHEMBL1862,IC50,234.0,nM,CHEMBL1925856
CHEMBL941,CHEMBL612552,IC50,13.0,nM,CHEMBL1959559
CHEMBL941,CHEMBL612552,IC50,5000.0,nM,CHEMBL1959558
CHEMBL941,CHEMBL3879801,IC50,,,CHEMBL1959555
CHEMBL941,CHEMBL3879801,IC50,500.0,nM,CHEMBL1959554
CHEMBL941,CHEMBL3879801,IC50,100.0,nM,CHEMBL1959553
CHEMBL941,CHEMBL385,IC50,100.0,nM,CHEMBL2044545
CHEMBL941,CHEMBL612545,IC50,216.8,nM,CHEMBL2060951
CHEMBL941,CHEMBL385,IC50,384.4,nM,CHEMBL2060952
CHEMBL941,CHEMBL5393,IC50,500.0,nM,CHEMBL2075187
CHEMBL941,CHEMBL5393,IC50,900.0,nM,CHEMBL2077078
CHEMBL941,CHEMBL3879801,IC50,18520.0,nM,CHEMBL2185455
CHEMBL941,CHEMBL3879801,IC50,1863.0,nM,CHEMBL2185456
CHEMBL941,CHEMBL3879801,IC50,1444.0,nM,CHEMBL2185457
CHEMBL941,CHEMBL3879801,IC50,2377.0,nM,CHEMBL2185458
CHEMBL941,CHEMBL3879801,IC50,960.0,nM,CHEMBL2185891
CHEMBL941,CHEMBL3879801,IC50,8615.0,nM,CHEMBL2185892
CHEMBL941,CHEMBL3879801,IC50,2951.0,nM,CHEMBL2186413
CHEMBL941,CHEMBL3879801,IC50,110.0,nM,CHEMBL2186414
CHEMBL941,CHEMBL3879801,IC50,129.0,nM,CHEMBL2186415
CHEMBL941,CHEMBL3879801,IC50,362.0,nM,CHEMBL2186416
CHEMBL941,CHEMBL3879801,IC50,17083.0,nM,CHEMBL2186417
CHEMBL941,CHEMBL3879801,IC50,3763.0,nM,CHEMBL2186418
CHEMBL941,CHEMBL3879801,IC50,2547.0,nM,CHEMBL2186419
CHEMBL941,CHEMBL3879801,IC50,424.0,nM,CHEMBL2186420
CHEMBL941,CHEMBL3879801,IC50,3005.0,nM,CHEMBL2186854
CHEMBL941,CHEMBL3879801,IC50,1834.0,nM,CHEMBL2186852
CHEMBL941,CHEMBL612545,IC50,,,CHEMBL2217200
CHEMBL941,CHEMBL3959,IC50,400.0,nM,CHEMBL2217199
CHEMBL941,CHEMBL3959,IC50,,,CHEMBL2217197
CHEMBL941,CHEMBL3879801,IC50,1000.0,nM,CHEMBL2318556
CHEMBL941,CHEMBL3879801,IC50,11100.0,nM,CHEMBL2318557
CHEMBL941,CHEMBL3879801,IC50,590.0,nM,CHEMBL2318558
CHEMBL941,CHEMBL3879801,IC50,1600.0,nM,CHEMBL2318559
CHEMBL941,CHEMBL3879801,IC50,240.0,nM,CHEMBL2318560
CHEMBL941,CHEMBL3879801,IC50,9500.0,nM,CHEMBL2318561
CHEMBL941,CHEMBL3879801,IC50,3300.0,nM,CHEMBL2318562
CHEMBL941,CHEMBL3879801,IC50,12200.0,nM,CHEMBL2318563
CHEMBL941,CHEMBL3879801,IC50,5600.0,nM,CHEMBL2318564
CHEMBL941,CHEMBL3879801,IC50,10000.0,nM,CHEMBL2318565
CHEMBL941,CHEMBL3879801,IC50,12500.0,nM,CHEMBL2318769
CHEMBL941,CHEMBL3879801,IC50,9200.0,nM,CHEMBL2318770
CHEMBL941,CHEMBL3879801,IC50,3600.0,nM,CHEMBL2318771
CHEMBL941,CHEMBL3879801,IC50,5200.0,nM,CHEMBL2318772
CHEMBL941,CHEMBL3879801,IC50,12200.0,nM,CHEMBL2318773
CHEMBL941,CHEMBL3879801,IC50,500.0,nM,CHEMBL2320776
CHEMBL941,CHEMBL612558,IC50,13500.0,nM,CHEMBL2320775
CHEMBL941,CHEMBL1862,IC50,749.6,nM,CHEMBL2320765
CHEMBL941,CHEMBL1862,IC50,114.3,nM,CHEMBL2320766
CHEMBL941,CHEMBL1862,IC50,173.9,nM,CHEMBL2320767
CHEMBL941,CHEMBL1862,IC50,115.0,nM,CHEMBL2320769
CHEMBL941,CHEMBL1862,IC50,359.9,nM,CHEMBL2320768
CHEMBL941,CHEMBL1862,IC50,485.8,nM,CHEMBL2320770
CHEMBL941,CHEMBL1862,IC50,5155.0,nM,CHEMBL2320771
CHEMBL941,CHEMBL1862,IC50,98.2,nM,CHEMBL2320772
CHEMBL941,CHEMBL1743126,IC50,40.0,nM,CHEMBL2320298
CHEMBL941,CHEMBL1743126,IC50,50.0,nM,CHEMBL2320299
CHEMBL941,CHEMBL1743127,IC50,350.0,nM,CHEMBL2320300
CHEMBL941,CHEMBL2073673,IC50,25500.0,nM,CHEMBL2320301
CHEMBL941,CHEMBL5685,IC50,107000.0,nM,CHEMBL2320302
CHEMBL941,CHEMBL1743122,IC50,4200.0,nM,CHEMBL2320303
CHEMBL941,CHEMBL1743127,IC50,2900.0,nM,CHEMBL2320304
CHEMBL941,CHEMBL1743126,IC50,350.0,nM,CHEMBL2320306
CHEMBL941,CHEMBL387,IC50,10000.0,nM,CHEMBL2328315
CHEMBL941,CHEMBL385,IC50,500.0,nM,CHEMBL2328314
CHEMBL941,CHEMBL1862,IC50,250.0,nM,CHEMBL2330095
CHEMBL941,CHEMBL1862,IC50,190.0,nM,CHEMBL2330096
CHEMBL941,CHEMBL1862,IC50,319.0,nM,CHEMBL2330097
CHEMBL941,CHEMBL2331044,IC50,,,CHEMBL2341274
CHEMBL941,CHEMBL612558,IC50,10000.0,nM,CHEMBL2351843
CHEMBL941,CHEMBL385,IC50,170.0,nM,CHEMBL2351842
CHEMBL941,CHEMBL3879801,IC50,4790.0,nM,CHEMBL2351848
CHEMBL941,CHEMBL3879801,IC50,92.0,nM,CHEMBL2351847
CHEMBL941,CHEMBL2366079,IC50,146690.07,nM,CHEMBL2363187
CHEMBL941,CHEMBL614281,IC50,330364.64,nM,CHEMBL2363192
CHEMBL941,CHEMBL2366246,IC50,408806.12,nM,CHEMBL2363189
CHEMBL941,CHEMBL2366258,IC50,348951.87,nM,CHEMBL2363206
CHEMBL941,CHEMBL614487,IC50,195094.1,nM,CHEMBL2363207
CHEMBL941,CHEMBL2366281,IC50,88.8,nM,CHEMBL2363208
CHEMBL941,CHEMBL2366146,IC50,27521.02,nM,CHEMBL2363210
CHEMBL941,CHEMBL2366312,IC50,67696.81,nM,CHEMBL2363213
CHEMBL941,CHEMBL2366135,IC50,208058.02,nM,CHEMBL2363211
CHEMBL941,CHEMBL2366118,IC50,52977.54,nM,CHEMBL2363212
CHEMBL941,CHEMBL2366369,IC50,322279.76,nM,CHEMBL2363195
CHEMBL941,CHEMBL2366338,IC50,46698.96,nM,CHEMBL2363196
CHEMBL941,CHEMBL2366240,IC50,244739.41,nM,CHEMBL2363197
CHEMBL941,CHEMBL2366367,IC50,94255.48,nM,CHEMBL2363200
CHEMBL941,CHEMBL614516,IC50,2572.23,nM,CHEMBL2363731
CHEMBL941,CHEMBL2366283,IC50,211377.15,nM,CHEMBL2363771
CHEMBL941,CHEMBL2366224,IC50,137555.85,nM,CHEMBL2363140
CHEMBL941,CHEMBL2366199,IC50,473402.98,nM,CHEMBL2363177
CHEMBL941,CHEMBL2366264,IC50,168102.51,nM,CHEMBL2363178
CHEMBL941,CHEMBL614567,IC50,123555.2,nM,CHEMBL2363734
CHEMBL941,CHEMBL1075430,IC50,116287.55,nM,CHEMBL2363141
CHEMBL941,CHEMBL2366275,IC50,72698.66,nM,CHEMBL2363142
CHEMBL941,CHEMBL614642,IC50,511826.14,nM,CHEMBL2363180
CHEMBL941,CHEMBL2366195,IC50,275653.6,nM,CHEMBL2363737
CHEMBL941,CHEMBL614533,IC50,89612.52,nM,CHEMBL2363774
CHEMBL941,CHEMBL612566,IC50,347544.95,nM,CHEMBL2363775
CHEMBL941,CHEMBL614286,IC50,24493.43,nM,CHEMBL2363184
CHEMBL941,CHEMBL2366181,IC50,140767.56,nM,CHEMBL2363185
CHEMBL941,CHEMBL2366294,IC50,20814.92,nM,CHEMBL2363739
CHEMBL941,CHEMBL2366352,IC50,391934.21,nM,CHEMBL2363145
CHEMBL941,CHEMBL2366329,IC50,158231.95,nM,CHEMBL2363146
CHEMBL941,CHEMBL2366167,IC50,167636.68,nM,CHEMBL2363181
CHEMBL941,CHEMBL2366192,IC50,88395.32,nM,CHEMBL2363740
CHEMBL941,CHEMBL1075407,IC50,327769.63,nM,CHEMBL2363779
CHEMBL941,CHEMBL2366363,IC50,107750.78,nM,CHEMBL2363148
CHEMBL941,CHEMBL2366241,IC50,338651.31,nM,CHEMBL2363742
CHEMBL941,CHEMBL2366277,IC50,212894.34,nM,CHEMBL2363743
CHEMBL941,CHEMBL2366095,IC50,163494.28,nM,CHEMBL2363149
CHEMBL941,CHEMBL2366061,IC50,315269.55,nM,CHEMBL2363150
CHEMBL941,CHEMBL2366080,IC50,424832.09,nM,CHEMBL2363151
CHEMBL941,CHEMBL2366344,IC50,90635.68,nM,CHEMBL2363152
CHEMBL941,CHEMBL2366271,IC50,195983.02,nM,CHEMBL2363747
CHEMBL941,CHEMBL2366360,IC50,33978.87,nM,CHEMBL2363153
CHEMBL941,CHEMBL2366174,IC50,356640.4,nM,CHEMBL2363154
CHEMBL941,CHEMBL2366253,IC50,245461.96,nM,CHEMBL2363713
CHEMBL941,CHEMBL2366295,IC50,14333.45,nM,CHEMBL2363748
CHEMBL941,CHEMBL2366247,IC50,131895.51,nM,CHEMBL2363749
CHEMBL941,CHEMBL614277,IC50,190024.69,nM,CHEMBL2363750
CHEMBL941,CHEMBL2366371,IC50,180029.55,nM,CHEMBL2363751
CHEMBL941,CHEMBL2366100,IC50,73885.75,nM,CHEMBL2363834
CHEMBL941,CHEMBL614535,IC50,33185.47,nM,CHEMBL2363160
CHEMBL941,CHEMBL2366115,IC50,199065.91,nM,CHEMBL2363716
CHEMBL941,CHEMBL2366303,IC50,2621.06,nM,CHEMBL2363753
CHEMBL941,CHEMBL382,IC50,314489.6,nM,CHEMBL2363836
CHEMBL941,CHEMBL2366306,IC50,123775.2,nM,CHEMBL2363719
CHEMBL941,CHEMBL2366361,IC50,367188.01,nM,CHEMBL2363837
CHEMBL941,CHEMBL2366300,IC50,383.74,nM,CHEMBL2363839
CHEMBL941,CHEMBL2366237,IC50,82024.83,nM,CHEMBL2363165
CHEMBL941,CHEMBL2366137,IC50,50890.54,nM,CHEMBL2363841
CHEMBL941,CHEMBL2366183,IC50,176468.96,nM,CHEMBL2363166
CHEMBL941,CHEMBL614476,IC50,180490.29,nM,CHEMBL2363167
CHEMBL941,CHEMBL614255,IC50,213026.8,nM,CHEMBL2363723
CHEMBL941,CHEMBL2366173,IC50,372929.35,nM,CHEMBL2363759
CHEMBL941,CHEMBL2366317,IC50,353803.62,nM,CHEMBL2363760
CHEMBL941,CHEMBL2366109,IC50,111071.48,nM,CHEMBL2363761
CHEMBL941,CHEMBL2366177,IC50,205054.75,nM,CHEMBL2363844
CHEMBL941,CHEMBL2366113,IC50,45959.93,nM,CHEMBL2363168
CHEMBL941,CHEMBL2366273,IC50,406611.43,nM,CHEMBL2363725
CHEMBL941,CHEMBL2366265,IC50,353917.56,nM,CHEMBL2363846
CHEMBL941,CHEMBL2366215,IC50,181629.7,nM,CHEMBL2363847
CHEMBL941,CHEMBL2366343,IC50,135926.19,nM,CHEMBL2363171
CHEMBL941,CHEMBL2366355,IC50,106545.7,nM,CHEMBL2363727
CHEMBL941,CHEMBL2366356,IC50,474655.37,nM,CHEMBL2363728
CHEMBL941,CHEMBL614529,IC50,468410.01,nM,CHEMBL2363764
CHEMBL941,CHEMBL2366145,IC50,187.4,nM,CHEMBL2363766
CHEMBL941,CHEMBL2366331,IC50,364118.37,nM,CHEMBL2363174
CHEMBL941,CHEMBL2366230,IC50,82348.07,nM,CHEMBL2363767
CHEMBL941,CHEMBL2366176,IC50,96238.55,nM,CHEMBL2363851
CHEMBL941,CHEMBL2366186,IC50,208338.88,nM,CHEMBL2363176
CHEMBL941,CHEMBL2366346,IC50,195884.66,nM,CHEMBL2363492
CHEMBL941,CHEMBL2366276,IC50,160844.97,nM,CHEMBL2363493
CHEMBL941,CHEMBL2366102,IC50,92410.35,nM,CHEMBL2363535
CHEMBL941,CHEMBL2366339,IC50,224595.5,nM,CHEMBL2363572
CHEMBL941,CHEMBL614882,IC50,225263.76,nM,CHEMBL2363609
CHEMBL941,CHEMBL614916,IC50,177853.65,nM,CHEMBL2363644
CHEMBL941,CHEMBL614917,IC50,303423.04,nM,CHEMBL2363645
CHEMBL941,CHEMBL1075600,IC50,318318.04,nM,CHEMBL2363800
CHEMBL941,CHEMBL614245,IC50,306657.66,nM,CHEMBL2363801
CHEMBL941,CHEMBL2366272,IC50,73286.76,nM,CHEMBL2363242
CHEMBL941,CHEMBL2366074,IC50,87769.93,nM,CHEMBL2363243
CHEMBL941,CHEMBL383,IC50,471164.36,nM,CHEMBL2363278
CHEMBL941,CHEMBL2366104,IC50,125709.04,nM,CHEMBL2363315
CHEMBL941,CHEMBL2366101,IC50,169933.64,nM,CHEMBL2363316
CHEMBL941,CHEMBL2366228,IC50,147443.49,nM,CHEMBL2363349
CHEMBL941,CHEMBL2366172,IC50,113446.91,nM,CHEMBL2363383
CHEMBL941,CHEMBL2366252,IC50,368032.78,nM,CHEMBL2363384
CHEMBL941,CHEMBL1075504,IC50,225361.78,nM,CHEMBL2363421
CHEMBL941,CHEMBL2366225,IC50,286470.05,nM,CHEMBL2363454
CHEMBL941,CHEMBL2366212,IC50,98920.75,nM,CHEMBL2363455
CHEMBL941,CHEMBL2366210,IC50,140340.55,nM,CHEMBL2363494
CHEMBL941,CHEMBL2366075,IC50,193801.61,nM,CHEMBL2363495
CHEMBL941,CHEMBL2366319,IC50,351372.88,nM,CHEMBL2363538
CHEMBL941,CHEMBL2366068,IC50,187017.28,nM,CHEMBL2363573
CHEMBL941,CHEMBL2366353,IC50,447511.84,nM,CHEMBL2363574
CHEMBL941,CHEMBL612517,IC50,316016.36,nM,CHEMBL2363610
CHEMBL941,CHEMBL2366341,IC50,662059.88,nM,CHEMBL2363611
CHEMBL941,CHEMBL2366143,IC50,48269.51,nM,CHEMBL2363688
CHEMBL941,CHEMBL614056,IC50,178702.25,nM,CHEMBL2363803
CHEMBL941,CHEMBL2366179,IC50,125674.47,nM,CHEMBL2363245
CHEMBL941,CHEMBL2366219,IC50,329220.59,nM,CHEMBL2363317
CHEMBL941,CHEMBL613997,IC50,111186.61,nM,CHEMBL2363351
CHEMBL941,CHEMBL2366119,IC50,167789.97,nM,CHEMBL2363352
CHEMBL941,CHEMBL614096,IC50,117116.25,nM,CHEMBL2363385
CHEMBL941,CHEMBL2366066,IC50,551930.98,nM,CHEMBL2363386
CHEMBL941,CHEMBL2366286,IC50,321214.46,nM,CHEMBL2363423
CHEMBL941,CHEMBL2366064,IC50,304279.9,nM,CHEMBL2363456
CHEMBL941,CHEMBL2366328,IC50,319709.25,nM,CHEMBL2363457
CHEMBL941,CHEMBL614805,IC50,109574.64,nM,CHEMBL2363541
CHEMBL941,CHEMBL2366188,IC50,162885.58,nM,CHEMBL2363575
CHEMBL941,CHEMBL2366159,IC50,20330.84,nM,CHEMBL2363612
CHEMBL941,CHEMBL2366218,IC50,469386.25,nM,CHEMBL2363805
CHEMBL941,CHEMBL2366111,IC50,166650.53,nM,CHEMBL2363247
CHEMBL941,CHEMBL614643,IC50,187197.84,nM,CHEMBL2363283
CHEMBL941,CHEMBL614587,IC50,383537.35,nM,CHEMBL2363319
CHEMBL941,CHEMBL2366190,IC50,64255.16,nM,CHEMBL2363353
CHEMBL941,CHEMBL2366072,IC50,214692.12,nM,CHEMBL2363387
CHEMBL941,CHEMBL2366334,IC50,259843.62,nM,CHEMBL2363388
CHEMBL941,CHEMBL2366185,IC50,198071.09,nM,CHEMBL2363425
CHEMBL941,CHEMBL2366127,IC50,184940.29,nM,CHEMBL2363426
CHEMBL941,CHEMBL2366318,IC50,134419.43,nM,CHEMBL2363458
CHEMBL941,CHEMBL1075510,IC50,429542.2,nM,CHEMBL2363459
CHEMBL941,CHEMBL2366082,IC50,138987.5,nM,CHEMBL2363502
CHEMBL941,CHEMBL2366106,IC50,126345.09,nM,CHEMBL2363542
CHEMBL941,CHEMBL2366184,IC50,267431.64,nM,CHEMBL2363543
CHEMBL941,CHEMBL2366105,IC50,117067.65,nM,CHEMBL2363544
CHEMBL941,CHEMBL614051,IC50,132324.47,nM,CHEMBL2363577
CHEMBL941,CHEMBL614886,IC50,189234.12,nM,CHEMBL2363616
CHEMBL941,CHEMBL2366232,IC50,247073.29,nM,CHEMBL2363653
CHEMBL941,CHEMBL2366302,IC50,67438.16,nM,CHEMBL2363692
CHEMBL941,CHEMBL2366315,IC50,413642.06,nM,CHEMBL2363809
CHEMBL941,CHEMBL2366373,IC50,113991.97,nM,CHEMBL2363214
CHEMBL941,CHEMBL2366297,IC50,14737.86,nM,CHEMBL2363215
CHEMBL941,CHEMBL2366148,IC50,214498.77,nM,CHEMBL2363248
CHEMBL941,CHEMBL2366359,IC50,103630.43,nM,CHEMBL2363321
CHEMBL941,CHEMBL2366372,IC50,337549.11,nM,CHEMBL2363322
CHEMBL941,CHEMBL2366189,IC50,175561.6,nM,CHEMBL2363389
CHEMBL941,CHEMBL2366311,IC50,26884.66,nM,CHEMBL2363390
CHEMBL941,CHEMBL2366345,IC50,231669.09,nM,CHEMBL2363460
CHEMBL941,CHEMBL2366365,IC50,154819.05,nM,CHEMBL2363504
CHEMBL941,CHEMBL2366087,IC50,205545.21,nM,CHEMBL2363546
CHEMBL941,CHEMBL614628,IC50,504830.13,nM,CHEMBL2363617
CHEMBL941,CHEMBL2366170,IC50,89871.87,nM,CHEMBL2363618
CHEMBL941,CHEMBL1075579,IC50,48096.14,nM,CHEMBL2363655
CHEMBL941,CHEMBL614943,IC50,190507.2,nM,CHEMBL2363695
CHEMBL941,CHEMBL2366098,IC50,197954.46,nM,CHEMBL2363810
CHEMBL941,CHEMBL614247,IC50,178630.25,nM,CHEMBL2363811
CHEMBL941,CHEMBL2366069,IC50,144996.27,nM,CHEMBL2363216
CHEMBL941,CHEMBL2366142,IC50,271317.58,nM,CHEMBL2363252
CHEMBL941,CHEMBL614588,IC50,371473.3,nM,CHEMBL2363323
CHEMBL941,CHEMBL385,IC50,224.32,nM,CHEMBL2363324
CHEMBL941,CHEMBL2366236,IC50,103238.41,nM,CHEMBL2363391
CHEMBL941,CHEMBL1075511,IC50,95329.18,nM,CHEMBL2363462
CHEMBL941,CHEMBL2366351,IC50,84019.68,nM,CHEMBL2363464
CHEMBL941,CHEMBL2366122,IC50,375856.72,nM,CHEMBL2363505
CHEMBL941,CHEMBL2366160,IC50,124487.59,nM,CHEMBL2363507
CHEMBL941,CHEMBL2366163,IC50,251812.06,nM,CHEMBL2363547
CHEMBL941,CHEMBL2366077,IC50,193557.38,nM,CHEMBL2363549
CHEMBL941,CHEMBL2366165,IC50,412229.82,nM,CHEMBL2363581
CHEMBL941,CHEMBL2366370,IC50,545652.32,nM,CHEMBL2363582
CHEMBL941,CHEMBL2366327,IC50,178639.71,nM,CHEMBL2363621
CHEMBL941,CHEMBL2366120,IC50,291901.96,nM,CHEMBL2363656
CHEMBL941,CHEMBL1075580,IC50,68380.32,nM,CHEMBL2363657
CHEMBL941,CHEMBL613530,IC50,122709.28,nM,CHEMBL2363696
CHEMBL941,CHEMBL2366238,IC50,250407.35,nM,CHEMBL2363697
CHEMBL941,CHEMBL612796,IC50,113496.16,nM,CHEMBL2363814
CHEMBL941,CHEMBL2366116,IC50,73493.21,nM,CHEMBL2363218
CHEMBL941,CHEMBL614295,IC50,155309.2,nM,CHEMBL2363219
CHEMBL941,CHEMBL2366299,IC50,511069.2,nM,CHEMBL2363253
CHEMBL941,CHEMBL2366202,IC50,296495.19,nM,CHEMBL2363255
CHEMBL941,CHEMBL2366130,IC50,454886.53,nM,CHEMBL2363290
CHEMBL941,CHEMBL2366354,IC50,596028.21,nM,CHEMBL2363325
CHEMBL941,CHEMBL2366152,IC50,183924.07,nM,CHEMBL2363326
CHEMBL941,CHEMBL2366155,IC50,43132.85,nM,CHEMBL2363327
CHEMBL941,CHEMBL2366248,IC50,222229.36,nM,CHEMBL2363393
CHEMBL941,CHEMBL2366132,IC50,223515.78,nM,CHEMBL2363394
CHEMBL941,CHEMBL614356,IC50,388449.43,nM,CHEMBL2363432
CHEMBL941,CHEMBL2366211,IC50,179388.35,nM,CHEMBL2363433
CHEMBL941,CHEMBL2366073,IC50,273565.48,nM,CHEMBL2363465
CHEMBL941,CHEMBL614771,IC50,145178.93,nM,CHEMBL2363466
CHEMBL941,CHEMBL612255,IC50,422057.26,nM,CHEMBL2363467
CHEMBL941,CHEMBL2366323,IC50,198022.77,nM,CHEMBL2363508
CHEMBL941,CHEMBL2366213,IC50,107351.45,nM,CHEMBL2363510
CHEMBL941,CHEMBL2366169,IC50,360900.39,nM,CHEMBL2363551
CHEMBL941,CHEMBL614899,IC50,10778.8,nM,CHEMBL2363623
CHEMBL941,CHEMBL2366108,IC50,141972.02,nM,CHEMBL2363659
CHEMBL941,CHEMBL1075604,IC50,71160.93,nM,CHEMBL2363816
CHEMBL941,CHEMBL2366364,IC50,32945.44,nM,CHEMBL2363220
CHEMBL941,CHEMBL2366223,IC50,337787.16,nM,CHEMBL2363221
CHEMBL941,CHEMBL2366156,IC50,563635.63,nM,CHEMBL2363328
CHEMBL941,CHEMBL2366267,IC50,468783.95,nM,CHEMBL2363363
CHEMBL941,CHEMBL614694,IC50,233456.79,nM,CHEMBL2363395
CHEMBL941,CHEMBL2366196,IC50,194728.25,nM,CHEMBL2363434
CHEMBL941,CHEMBL2366266,IC50,530570.58,nM,CHEMBL2363468
CHEMBL941,CHEMBL2366227,IC50,118078.07,nM,CHEMBL2363469
CHEMBL941,CHEMBL1075535,IC50,75637.86,nM,CHEMBL2363511
CHEMBL941,CHEMBL614931,IC50,567646.01,nM,CHEMBL2363553
CHEMBL941,CHEMBL2366081,IC50,364969.58,nM,CHEMBL2363625
CHEMBL941,CHEMBL2366316,IC50,154634.77,nM,CHEMBL2363660
CHEMBL941,CHEMBL2366255,IC50,272239.99,nM,CHEMBL2363222
CHEMBL941,CHEMBL2366124,IC50,42279.11,nM,CHEMBL2363223
CHEMBL941,CHEMBL2366063,IC50,155366.68,nM,CHEMBL2363259
CHEMBL941,CHEMBL2366291,IC50,41548.61,nM,CHEMBL2363294
CHEMBL941,CHEMBL2366368,IC50,202508.93,nM,CHEMBL2363329
CHEMBL941,CHEMBL2366305,IC50,18184.83,nM,CHEMBL2363330
CHEMBL941,CHEMBL613988,IC50,545617.95,nM,CHEMBL2363331
CHEMBL941,CHEMBL2366233,IC50,434899.51,nM,CHEMBL2363364
CHEMBL941,CHEMBL2366153,IC50,26914.28,nM,CHEMBL2363365
CHEMBL941,CHEMBL2366090,IC50,73.04,nM,CHEMBL2363366
CHEMBL941,CHEMBL614107,IC50,73728.98,nM,CHEMBL2363397
CHEMBL941,CHEMBL2366070,IC50,225224.8,nM,CHEMBL2363435
CHEMBL941,CHEMBL2366103,IC50,473554.97,nM,CHEMBL2363436
CHEMBL941,CHEMBL2366362,IC50,45075.19,nM,CHEMBL2363437
CHEMBL941,CHEMBL2366201,IC50,51783.47,nM,CHEMBL2363470
CHEMBL941,CHEMBL614740,IC50,287129.12,nM,CHEMBL2363514
CHEMBL941,CHEMBL613529,IC50,269345.25,nM,CHEMBL2363554
CHEMBL941,CHEMBL614934,IC50,338405.2,nM,CHEMBL2363555
CHEMBL941,CHEMBL2366340,IC50,195520.65,nM,CHEMBL2363556
CHEMBL941,CHEMBL2366235,IC50,210553.55,nM,CHEMBL2363589
CHEMBL941,CHEMBL2366085,IC50,311774.76,nM,CHEMBL2363662
CHEMBL941,CHEMBL614451,IC50,115764.39,nM,CHEMBL2363664
CHEMBL941,CHEMBL2366254,IC50,153835.68,nM,CHEMBL2363704
CHEMBL941,CHEMBL2366259,IC50,99405.65,nM,CHEMBL2363820
CHEMBL941,CHEMBL2366358,IC50,136559.72,nM,CHEMBL2363224
CHEMBL941,CHEMBL2366097,IC50,48439.47,nM,CHEMBL2363225
CHEMBL941,CHEMBL2366287,IC50,156467.92,nM,CHEMBL2363332
CHEMBL941,CHEMBL612264,IC50,210100.29,nM,CHEMBL2363333
CHEMBL941,CHEMBL2366123,IC50,536721.86,nM,CHEMBL2363367
CHEMBL941,CHEMBL2366274,IC50,320544.46,nM,CHEMBL2363401
CHEMBL941,CHEMBL614177,IC50,313096.36,nM,CHEMBL2363438
CHEMBL941,CHEMBL2366062,IC50,119632.08,nM,CHEMBL2363439
CHEMBL941,CHEMBL2366149,IC50,340188.2,nM,CHEMBL2363471
CHEMBL941,CHEMBL2366205,IC50,978.01,nM,CHEMBL2363472
CHEMBL941,CHEMBL614997,IC50,549401.22,nM,CHEMBL2363516
CHEMBL941,CHEMBL2366263,IC50,589293.88,nM,CHEMBL2363557
CHEMBL941,CHEMBL614241,IC50,146962.29,nM,CHEMBL2363592
CHEMBL941,CHEMBL2366337,IC50,210108.07,nM,CHEMBL2363593
CHEMBL941,CHEMBL1075574,IC50,20124.58,nM,CHEMBL2363629
CHEMBL941,CHEMBL614905,IC50,97521.71,nM,CHEMBL2363630
CHEMBL941,CHEMBL2366092,IC50,53945.54,nM,CHEMBL2363707
CHEMBL941,CHEMBL2366162,IC50,74711.5,nM,CHEMBL2363226
CHEMBL941,CHEMBL2366206,IC50,385718.57,nM,CHEMBL2363227
CHEMBL941,CHEMBL2366307,IC50,202372.69,nM,CHEMBL2363228
CHEMBL941,CHEMBL2366126,IC50,386149.27,nM,CHEMBL2363263
CHEMBL941,CHEMBL2366221,IC50,86791.27,nM,CHEMBL2363264
CHEMBL941,CHEMBL614582,IC50,172814.02,nM,CHEMBL2363299
CHEMBL941,CHEMBL2366154,IC50,202038.85,nM,CHEMBL2363334
CHEMBL941,CHEMBL2366229,IC50,86161.81,nM,CHEMBL2363335
CHEMBL941,CHEMBL2366136,IC50,18445.22,nM,CHEMBL2363368
CHEMBL941,CHEMBL2366330,IC50,8073.84,nM,CHEMBL2363369
CHEMBL941,CHEMBL2366256,IC50,240614.72,nM,CHEMBL2363403
CHEMBL941,CHEMBL2366357,IC50,25687.38,nM,CHEMBL2363440
CHEMBL941,CHEMBL2366325,IC50,118118.22,nM,CHEMBL2363441
CHEMBL941,CHEMBL2366178,IC50,401404.64,nM,CHEMBL2363474
CHEMBL941,CHEMBL2366133,IC50,19355.24,nM,CHEMBL2363558
CHEMBL941,CHEMBL2366349,IC50,98455.43,nM,CHEMBL2363559
CHEMBL941,CHEMBL2366191,IC50,170559.81,nM,CHEMBL2363594
CHEMBL941,CHEMBL613977,IC50,226555.29,nM,CHEMBL2363631
CHEMBL941,CHEMBL2366304,IC50,245428.09,nM,CHEMBL2363670
CHEMBL941,CHEMBL2366308,IC50,106804.28,nM,CHEMBL2363788
CHEMBL941,CHEMBL2366166,IC50,46653.04,nM,CHEMBL2363789
CHEMBL941,CHEMBL2366193,IC50,228021.06,nM,CHEMBL2363824
CHEMBL941,CHEMBL614489,IC50,81696.32,nM,CHEMBL2363230
CHEMBL941,CHEMBL2366239,IC50,102503.2,nM,CHEMBL2363336
CHEMBL941,CHEMBL2366250,IC50,425344.32,nM,CHEMBL2363337
CHEMBL941,CHEMBL2366335,IC50,16609.4,nM,CHEMBL2363370
CHEMBL941,CHEMBL2366296,IC50,121620.19,nM,CHEMBL2363371
CHEMBL941,CHEMBL2366242,IC50,82599.61,nM,CHEMBL2363405
CHEMBL941,CHEMBL2366125,IC50,239892.28,nM,CHEMBL2363442
CHEMBL941,CHEMBL1075509,IC50,461377.23,nM,CHEMBL2363443
CHEMBL941,CHEMBL1075516,IC50,142608.77,nM,CHEMBL2363477
CHEMBL941,CHEMBL2366198,IC50,104287.03,nM,CHEMBL2363560
CHEMBL941,CHEMBL2366141,IC50,1653.83,nM,CHEMBL2363561
CHEMBL941,CHEMBL2366320,IC50,335735.28,nM,CHEMBL2363597
CHEMBL941,CHEMBL614860,IC50,156928.93,nM,CHEMBL2363633
CHEMBL941,CHEMBL2366279,IC50,169273.88,nM,CHEMBL2363671
CHEMBL941,CHEMBL614300,IC50,165261.16,nM,CHEMBL2363672
CHEMBL941,CHEMBL2366293,IC50,685.4,nM,CHEMBL2363673
CHEMBL941,CHEMBL2366278,IC50,234976.38,nM,CHEMBL2363790
CHEMBL941,CHEMBL2366114,IC50,38520.94,nM,CHEMBL2363828
CHEMBL941,CHEMBL2366207,IC50,91133.55,nM,CHEMBL2363268
CHEMBL941,CHEMBL614709,IC50,171110.75,nM,CHEMBL2363338
CHEMBL941,CHEMBL2366140,IC50,64118.82,nM,CHEMBL2363372
CHEMBL941,CHEMBL2366099,IC50,201683.57,nM,CHEMBL2363373
CHEMBL941,CHEMBL613835,IC50,214355.32,nM,CHEMBL2363444
CHEMBL941,CHEMBL2366204,IC50,223961.02,nM,CHEMBL2363445
CHEMBL941,CHEMBL2366214,IC50,154650.08,nM,CHEMBL2363480
CHEMBL941,CHEMBL614803,IC50,143008.78,nM,CHEMBL2363524
CHEMBL941,CHEMBL614195,IC50,410997.86,nM,CHEMBL2363525
CHEMBL941,CHEMBL614206,IC50,30509.25,nM,CHEMBL2363562
CHEMBL941,CHEMBL2366078,IC50,537128.84,nM,CHEMBL2363599
CHEMBL941,CHEMBL2366309,IC50,118993.28,nM,CHEMBL2363634
CHEMBL941,CHEMBL612569,IC50,148066.57,nM,CHEMBL2363635
CHEMBL941,CHEMBL2366200,IC50,96984.19,nM,CHEMBL2363674
CHEMBL941,CHEMBL614940,IC50,3829.07,nM,CHEMBL2363675
CHEMBL941,CHEMBL2366086,IC50,52255.65,nM,CHEMBL2363791
CHEMBL941,CHEMBL2366268,IC50,17288.58,nM,CHEMBL2363792
CHEMBL941,CHEMBL2366245,IC50,211928.51,nM,CHEMBL2363793
CHEMBL941,CHEMBL2366071,IC50,108599.41,nM,CHEMBL2363830
CHEMBL941,CHEMBL2366326,IC50,108068.47,nM,CHEMBL2363831
CHEMBL941,CHEMBL2366139,IC50,314476.39,nM,CHEMBL2363269
CHEMBL941,CHEMBL2366366,IC50,145139.3,nM,CHEMBL2363307
CHEMBL941,CHEMBL2366347,IC50,345555.06,nM,CHEMBL2363339
CHEMBL941,CHEMBL2366257,IC50,237106.64,nM,CHEMBL2363340
CHEMBL941,CHEMBL2366261,IC50,89101.84,nM,CHEMBL2363341
CHEMBL941,CHEMBL2366222,IC50,117025.05,nM,CHEMBL2363374
CHEMBL941,CHEMBL2366110,IC50,243229.39,nM,CHEMBL2363375
CHEMBL941,CHEMBL2366226,IC50,115687.2,nM,CHEMBL2363446
CHEMBL941,CHEMBL612440,IC50,362014.04,nM,CHEMBL2363529
CHEMBL941,CHEMBL614879,IC50,188081.62,nM,CHEMBL2363601
CHEMBL941,CHEMBL2366251,IC50,246472.89,nM,CHEMBL2363636
CHEMBL941,CHEMBL2366067,IC50,57331.14,nM,CHEMBL2363637
CHEMBL941,CHEMBL2366144,IC50,41279.75,nM,CHEMBL2363794
CHEMBL941,CHEMBL2366182,IC50,202452.64,nM,CHEMBL2363795
CHEMBL941,CHEMBL2366301,IC50,166790.91,nM,CHEMBL2363236
CHEMBL941,CHEMBL2366322,IC50,437372.83,nM,CHEMBL2363272
CHEMBL941,CHEMBL2366231,IC50,346752.41,nM,CHEMBL2363273
CHEMBL941,CHEMBL2366203,IC50,180897.58,nM,CHEMBL2363343
CHEMBL941,CHEMBL2366216,IC50,242283.37,nM,CHEMBL2363376
CHEMBL941,CHEMBL2366260,IC50,65760.08,nM,CHEMBL2363377
CHEMBL941,CHEMBL2366084,IC50,89.21,nM,CHEMBL2363414
CHEMBL941,CHEMBL2366138,IC50,95904.03,nM,CHEMBL2363447
CHEMBL941,CHEMBL2366333,IC50,108148.69,nM,CHEMBL2363485
CHEMBL941,CHEMBL2366332,IC50,17244.17,nM,CHEMBL2363531
CHEMBL941,CHEMBL2366220,IC50,490734.38,nM,CHEMBL2363568
CHEMBL941,CHEMBL2366175,IC50,236613.97,nM,CHEMBL2363602
CHEMBL941,CHEMBL2366168,IC50,50071.05,nM,CHEMBL2363603
CHEMBL941,CHEMBL2366298,IC50,107102.57,nM,CHEMBL2363639
CHEMBL941,CHEMBL2366147,IC50,169102.49,nM,CHEMBL2363796
CHEMBL941,CHEMBL2366292,IC50,198293.65,nM,CHEMBL2363238
CHEMBL941,CHEMBL2366234,IC50,186553.68,nM,CHEMBL2363239
CHEMBL941,CHEMBL613888,IC50,481008.05,nM,CHEMBL2363275
CHEMBL941,CHEMBL614584,IC50,311071.57,nM,CHEMBL2363310
CHEMBL941,CHEMBL2366209,IC50,6221.47,nM,CHEMBL2363311
CHEMBL941,CHEMBL2366091,IC50,18065.19,nM,CHEMBL2363378
CHEMBL941,CHEMBL614722,IC50,375174.03,nM,CHEMBL2363449
CHEMBL941,CHEMBL614187,IC50,498955.54,nM,CHEMBL2363450
CHEMBL941,CHEMBL2366284,IC50,424478.35,nM,CHEMBL2363451
CHEMBL941,CHEMBL2366171,IC50,5572.62,nM,CHEMBL2363489
CHEMBL941,CHEMBL2366342,IC50,132854.69,nM,CHEMBL2363534
CHEMBL941,CHEMBL2366121,IC50,176185.78,nM,CHEMBL2363569
CHEMBL941,CHEMBL2366187,IC50,71031.97,nM,CHEMBL2363607
CHEMBL941,CHEMBL2366096,IC50,208067.8,nM,CHEMBL2363642
CHEMBL941,CHEMBL2366089,IC50,130073.93,nM,CHEMBL2363798
CHEMBL941,CHEMBL2366093,IC50,8340.52,nM,CHEMBL2363799
CHEMBL941,CHEMBL2366157,IC50,22594.49,nM,CHEMBL2363241
CHEMBL941,CHEMBL2366310,IC50,17399.87,nM,CHEMBL2363277
CHEMBL941,CHEMBL2366094,IC50,82348.23,nM,CHEMBL2363313
CHEMBL941,CHEMBL2366194,IC50,182208.93,nM,CHEMBL2363314
CHEMBL941,CHEMBL2366107,IC50,66636.6,nM,CHEMBL2363346
CHEMBL941,CHEMBL2366065,IC50,72713.93,nM,CHEMBL2363348
CHEMBL941,CHEMBL2366262,IC50,210999.55,nM,CHEMBL2363420
CHEMBL941,CHEMBL2366243,IC50,26469.95,nM,CHEMBL2363452
CHEMBL941,CHEMBL2096618,IC50,38.02,nM,CHEMBL2379863
CHEMBL941,CHEMBL2096618,IC50,194.0,nM,CHEMBL2388048
CHEMBL941,CHEMBL1936,IC50,108.0,nM,CHEMBL2388049
CHEMBL941,CHEMBL1936,IC50,97.0,nM,CHEMBL2388052
CHEMBL941,CHEMBL2096618,IC50,678.0,nM,CHEMBL2388051
CHEMBL941,CHEMBL2096618,IC50,221.0,nM,CHEMBL2388050
CHEMBL941,CHEMBL1936,IC50,100000.0,nM,CHEMBL2406228
CHEMBL941,CHEMBL1936,IC50,21.6,nM,CHEMBL2406230
CHEMBL941,CHEMBL1862,IC50,19.9,nM,CHEMBL2406231
CHEMBL941,CHEMBL3655,IC50,2784.0,nM,CHEMBL2406233
CHEMBL941,CHEMBL395,IC50,,,CHEMBL2412815
CHEMBL941,CHEMBL385,IC50,470.0,nM,CHEMBL2412816
CHEMBL941,CHEMBL385,IC50,500.0,nM,CHEMBL2422818
CHEMBL941,CHEMBL395,IC50,,,CHEMBL2422820
CHEMBL941,CHEMBL395,IC50,10000.0,nM,CHEMBL2422819
CHEMBL941,CHEMBL2007,IC50,1.995,nM,CHEMBL2422658
CHEMBL941,CHEMBL387,IC50,10000.0,nM,CHEMBL2426859
CHEMBL941,CHEMBL385,IC50,500.0,nM,CHEMBL2426860
CHEMBL941,CHEMBL1075463,IC50,3800.0,nM,CHEMBL2446059
CHEMBL941,CHEMBL2096618,IC50,116.0,nM,CHEMBL3101644
CHEMBL941,CHEMBL1862,IC50,25.0,nM,CHEMBL3225221
CHEMBL941,CHEMBL267,IC50,100000.0,nM,CHEMBL3225222
CHEMBL941,CHEMBL385,IC50,13000.0,nM,CHEMBL3239570
CHEMBL941,CHEMBL3879801,IC50,20000.0,nM,CHEMBL3239571
CHEMBL941,CHEMBL383,IC50,55000.0,nM,CHEMBL3239572
CHEMBL941,CHEMBL382,IC50,45000.0,nM,CHEMBL3239573
CHEMBL941,CHEMBL1862,IC50,300.0,nM,CHEMBL3239579
CHEMBL941,CHEMBL1907605,IC50,100000.0,nM,CHEMBL3239583
CHEMBL941,CHEMBL2096618,IC50,14.0,nM,CHEMBL3379074
CHEMBL941,CHEMBL385,IC50,4120.0,nM,CHEMBL3379075
CHEMBL941,CHEMBL3879801,IC50,17000.0,nM,CHEMBL3368582
CHEMBL941,CHEMBL385,IC50,470.0,nM,CHEMBL3407279
CHEMBL941,CHEMBL395,IC50,,,CHEMBL3407280
CHEMBL941,CHEMBL387,IC50,10000.0,nM,CHEMBL3407084
CHEMBL941,CHEMBL385,IC50,500.0,nM,CHEMBL3407085
CHEMBL941,CHEMBL1907605,IC50,100000.0,nM,CHEMBL3407086
CHEMBL941,CHEMBL1862,IC50,200.0,nM,CHEMBL3407087
CHEMBL941,CHEMBL5122,IC50,675.0,nM,CHEMBL3424164
CHEMBL941,CHEMBL5319,IC50,337.0,nM,CHEMBL3424163
CHEMBL941,CHEMBL2096618,IC50,399.0,nM,CHEMBL3606398
CHEMBL941,CHEMBL2096618,IC50,1000.0,nM,CHEMBL3606399
CHEMBL941,CHEMBL385,IC50,280.0,nM,CHEMBL3607339
CHEMBL941,CHEMBL3879801,IC50,1000.0,nM,CHEMBL3607341
CHEMBL941,CHEMBL2096618,IC50,14.0,nM,CHEMBL3614756
CHEMBL941,CHEMBL385,IC50,1160.0,nM,CHEMBL3614757
CHEMBL941,CHEMBL385,IC50,15700.0,nM,CHEMBL3614758
CHEMBL941,CHEMBL2096618,IC50,74.0,nM,CHEMBL3619821
CHEMBL941,CHEMBL385,IC50,4120.0,nM,CHEMBL3619822
CHEMBL941,CHEMBL385,IC50,60.0,nM,CHEMBL3620826
CHEMBL941,CHEMBL3879801,IC50,1100.0,nM,CHEMBL3620827
CHEMBL941,CHEMBL614245,IC50,25000.0,nM,CHEMBL3620828
CHEMBL941,CHEMBL612794,IC50,19000.0,nM,CHEMBL3620829
CHEMBL941,CHEMBL394,IC50,34400.0,nM,CHEMBL3619258
CHEMBL941,CHEMBL1936,IC50,400.0,nM,CHEMBL3631064
CHEMBL941,CHEMBL1862,IC50,200.0,nM,CHEMBL3631065
CHEMBL941,CHEMBL2095189,IC50,400.0,nM,CHEMBL3631066
CHEMBL941,CHEMBL612545,IC50,1800.0,nM,CHEMBL3637131
CHEMBL941,CHEMBL612545,IC50,3500.0,nM,CHEMBL3637132
CHEMBL941,CHEMBL2096618,IC50,13.0,nM,CHEMBL3635969
CHEMBL941,CHEMBL385,IC50,1160.0,nM,CHEMBL3635971
CHEMBL941,CHEMBL2096618,IC50,340.0,nM,CHEMBL3635970
CHEMBL941,CHEMBL1862,IC50,170.0,nM,CHEMBL3737992
CHEMBL941,CHEMBL1862,IC50,74000.0,nM,CHEMBL3737993
CHEMBL941,CHEMBL3879801,IC50,89.0,nM,CHEMBL3737981
CHEMBL941,CHEMBL3879801,IC50,14500.0,nM,CHEMBL3737994
CHEMBL941,CHEMBL385,IC50,220.0,nM,CHEMBL3751611
CHEMBL941,CHEMBL385,IC50,530.0,nM,CHEMBL3755381
CHEMBL941,CHEMBL395,IC50,25000.0,nM,CHEMBL3755382
CHEMBL941,CHEMBL3879801,IC50,30.0,nM,CHEMBL3767411
CHEMBL941,CHEMBL385,IC50,380.0,nM,CHEMBL3767410
CHEMBL941,CHEMBL3879801,IC50,16700.0,nM,CHEMBL3767412
CHEMBL941,CHEMBL1907605,IC50,100000.0,nM,CHEMBL3766377
CHEMBL941,CHEMBL385,IC50,730.0,nM,CHEMBL3766378
CHEMBL941,CHEMBL387,IC50,10000.0,nM,CHEMBL3766379
CHEMBL941,CHEMBL3879801,IC50,,,CHEMBL3766380
CHEMBL941,CHEMBL385,IC50,510.0,nM,CHEMBL3776565
CHEMBL941,CHEMBL3879801,IC50,4650.0,nM,CHEMBL3776566
CHEMBL941,CHEMBL385,IC50,500.0,nM,CHEMBL3810686
CHEMBL941,CHEMBL387,IC50,10000.0,nM,CHEMBL3812559
CHEMBL941,CHEMBL1907602,IC50,10000.0,nM,CHEMBL3812560
CHEMBL941,CHEMBL1907605,IC50,10000.0,nM,CHEMBL3812561
CHEMBL941,CHEMBL1862,IC50,300.0,nM,CHEMBL3812743
CHEMBL941,CHEMBL4125,IC50,162.0,nM,CHEMBL3855038
CHEMBL941,CHEMBL3879801,IC50,310.0,nM,CHEMBL3862472
CHEMBL941,CHEMBL1862,IC50,250.0,nM,CHEMBL3877207
CHEMBL941,CHEMBL4014,IC50,272.0,nM,CHEMBL3877208
CHEMBL941,CHEMBL5319,IC50,90.0,nM,CHEMBL3877209
CHEMBL941,CHEMBL3959,IC50,43.0,nM,CHEMBL3877210
CHEMBL941,CHEMBL1936,IC50,164.0,nM,CHEMBL3878978
CHEMBL941,CHEMBL1862,IC50,223.0,nM,CHEMBL3878977
CHEMBL941,CHEMBL3959,IC50,82.0,nM,CHEMBL3879684
CHEMBL941,CHEMBL3879801,IC50,10000.0,nM,CHEMBL3881245
CHEMBL941,CHEMBL2096618,IC50,330.0,nM,CHEMBL3881244
CHEMBL941,CHEMBL1862,IC50,1000.0,nM,CHEMBL3887962
CHEMBL941,CHEMBL6020,IC50,25100.0,nM,CHEMBL4011663
CHEMBL941,CHEMBL6020,IC50,25100.0,nM,CHEMBL4011672
CHEMBL941,CHEMBL613642,IC50,,,CHEMBL4011674
CHEMBL941,CHEMBL1936,IC50,41.0,nM,CHEMBL4012622
CHEMBL941,CHEMBL279,IC50,27186.0,nM,CHEMBL4012620
CHEMBL941,CHEMBL2007,IC50,4.6,nM,CHEMBL4012619
CHEMBL941,CHEMBL6020,IC50,10000.0,nM,CHEMBL4017550
CHEMBL941,CHEMBL1936,IC50,,,CHEMBL4020523
CHEMBL941,CHEMBL1936,IC50,,,CHEMBL4020522
CHEMBL941,CHEMBL1936,IC50,,,CHEMBL4020521
CHEMBL941,CHEMBL1936,IC50,16.4,nM,CHEMBL4020520
CHEMBL941,CHEMBL6020,IC50,25100.0,nM,CHEMBL4028921
CHEMBL941,CHEMBL5748,IC50,133000.0,nM,CHEMBL4028922
CHEMBL941,CHEMBL5918,IC50,133000.0,nM,CHEMBL4028923
CHEMBL941,CHEMBL1743128,IC50,133000.0,nM,CHEMBL4028924
CHEMBL941,CHEMBL4296447,IC50,50000.0,nM,CHEMBL4121808
CHEMBL941,CHEMBL385,IC50,1100.0,nM,CHEMBL4121807
CHEMBL941,CHEMBL612545,IC50,1700.0,nM,CHEMBL4122674
CHEMBL941,CHEMBL612545,IC50,19800.0,nM,CHEMBL4122675
CHEMBL941,CHEMBL612545,IC50,25000.0,nM,CHEMBL4122676
CHEMBL941,CHEMBL384,IC50,60.0,nM,CHEMBL4122677
CHEMBL941,CHEMBL1075463,IC50,2400.0,nM,CHEMBL4122678
CHEMBL941,CHEMBL387,IC50,11300.0,nM,CHEMBL4122679
CHEMBL941,CHEMBL2094115,IC50,70000.0,nM,CHEMBL4136222
CHEMBL941,CHEMBL385,IC50,530.0,nM,CHEMBL4139433
CHEMBL941,CHEMBL392,IC50,4560.0,nM,CHEMBL4139434
CHEMBL941,CHEMBL387,IC50,7120.0,nM,CHEMBL4153887
CHEMBL941,CHEMBL385,IC50,3430.0,nM,CHEMBL4153888
CHEMBL941,CHEMBL614004,IC50,8900.0,nM,CHEMBL4153889
CHEMBL941,CHEMBL394,IC50,19660.0,nM,CHEMBL4153890
CHEMBL941,CHEMBL612545,IC50,,,CHEMBL4153891
CHEMBL941,CHEMBL3099,IC50,730.0,nM,CHEMBL4179477
CHEMBL941,CHEMBL3099,IC50,20030.0,nM,CHEMBL4179478
CHEMBL941,CHEMBL2096618,IC50,38.0,nM,CHEMBL4233282
CHEMBL941,CHEMBL385,IC50,1000.0,nM,CHEMBL4268714
CHEMBL941,CHEMBL4296447,IC50,98820.0,nM,CHEMBL4268716
CHEMBL941,CHEMBL5035,IC50,100000.0,nM,CHEMBL4268715
CHEMBL941,CHEMBL301,IC50,100000.0,nM,CHEMBL4315522
CHEMBL941,CHEMBL385,IC50,140.0,nM,CHEMBL4342181
CHEMBL941,CHEMBL2096618,IC50,54.0,nM,CHEMBL4365089
CHEMBL941,CHEMBL2096618,IC50,280.0,nM,CHEMBL4365090
CHEMBL941,CHEMBL385,IC50,4260.0,nM,CHEMBL4365091
CHEMBL941,CHEMBL4296447,IC50,90000.0,nM,CHEMBL4365094
CHEMBL941,CHEMBL1936,IC50,53.0,nM,CHEMBL4379571
CHEMBL941,CHEMBL1974,IC50,131.0,nM,CHEMBL4379572
CHEMBL941,CHEMBL1862,IC50,43.0,nM,CHEMBL4383509
CHEMBL941,CHEMBL1862,IC50,1500.0,nM,CHEMBL4383510
CHEMBL941,CHEMBL1862,IC50,10000.0,nM,CHEMBL4383511
CHEMBL941,CHEMBL1862,IC50,10000.0,nM,CHEMBL4383512
CHEMBL941,CHEMBL1936,IC50,5210.0,nM,CHEMBL4386486
CHEMBL941,CHEMBL1936,IC50,769.0,nM,CHEMBL4386487
CHEMBL941,CHEMBL387,IC50,6330.0,nM,CHEMBL4391118
CHEMBL941,CHEMBL614334,IC50,12840.0,nM,CHEMBL4391119
CHEMBL941,CHEMBL614321,IC50,100000.0,nM,CHEMBL4391120
CHEMBL941,CHEMBL2096618,IC50,143.8,nM,CHEMBL4410726
CHEMBL941,CHEMBL612545,IC50,221.5,nM,CHEMBL4410736
CHEMBL941,CHEMBL612545,IC50,345.5,nM,CHEMBL4410735
CHEMBL941,CHEMBL2096618,IC50,2706.0,nM,CHEMBL4410734
CHEMBL941,CHEMBL2096618,IC50,799.3,nM,CHEMBL4410733
CHEMBL941,CHEMBL2096618,IC50,364.0,nM,CHEMBL4410732
CHEMBL941,CHEMBL2096618,IC50,716.3,nM,CHEMBL4410731
CHEMBL941,CHEMBL2096618,IC50,405.3,nM,CHEMBL4410730
CHEMBL941,CHEMBL2096618,IC50,3257.0,nM,CHEMBL4410729
CHEMBL941,CHEMBL2096618,IC50,8778.0,nM,CHEMBL4410728
CHEMBL941,CHEMBL2096618,IC50,486.5,nM,CHEMBL4410727
CHEMBL941,CHEMBL394,IC50,44550.0,nM,CHEMBL4412239
CHEMBL941,CHEMBL394,IC50,51210.0,nM,CHEMBL4412240
CHEMBL941,CHEMBL387,IC50,25000.0,nM,CHEMBL4412241
CHEMBL941,CHEMBL392,IC50,25000.0,nM,CHEMBL4412242
CHEMBL941,CHEMBL614200,IC50,25000.0,nM,CHEMBL4412243
CHEMBL941,CHEMBL385,IC50,0.15,nM,CHEMBL4423420
CHEMBL941,CHEMBL2007,IC50,642.0,nM,CHEMBL4425255
CHEMBL941,CHEMBL1936,IC50,319.0,nM,CHEMBL4429587
CHEMBL941,CHEMBL1936,IC50,9818.0,nM,CHEMBL4429588
CHEMBL941,CHEMBL385,IC50,76.2,nM,CHEMBL4619595
CHEMBL941,CHEMBL4303835,IC50,11000.0,nM,CHEMBL4651403
CHEMBL941,CHEMBL4303835,IC50,10964.78,nM,CHEMBL4651403
CHEMBL941,CHEMBL4303835,IC50,21900.0,nM,CHEMBL4651404
CHEMBL941,CHEMBL4303835,IC50,21877.62,nM,CHEMBL4651404
CHEMBL941,CHEMBL2096618,IC50,1000.0,nM,CHEMBL4668373
CHEMBL941,CHEMBL385,IC50,610.0,nM,CHEMBL4704791
CHEMBL941,CHEMBL4296448,IC50,980.0,nM,CHEMBL4704792
CHEMBL941,CHEMBL385,IC50,7380.0,nM,CHEMBL4720020
CHEMBL941,CHEMBL612794,IC50,12440.0,nM,CHEMBL4720021
CHEMBL941,CHEMBL2096618,IC50,176.0,nM,CHEMBL4774927
CHEMBL941,CHEMBL2096618,IC50,100000.0,nM,CHEMBL4774928
CHEMBL941,CHEMBL385,IC50,87320.0,nM,CHEMBL4809441
CHEMBL941,CHEMBL4296448,IC50,75690.0,nM,CHEMBL4809442
CHEMBL941,CHEMBL4296466,IC50,65820.0,nM,CHEMBL4809443
CHEMBL941,CHEMBL4296466,IC50,100000.0,nM,CHEMBL4809444
CHEMBL941,CHEMBL4302,IC50,580.0,nM,CHEMBL4809445
CHEMBL941,CHEMBL612545,IC50,34.93,nM,CHEMBL4809447
CHEMBL941,CHEMBL612545,IC50,1340.0,nM,CHEMBL4817126
CHEMBL941,CHEMBL385,IC50,4630.0,nM,CHEMBL4836393
CHEMBL941,CHEMBL612545,IC50,100000.0,nM,CHEMBL4836394
CHEMBL941,CHEMBL4296457,IC50,100000.0,nM,CHEMBL4836396
CHEMBL941,CHEMBL614524,IC50,100.0,nM,CHEMBL5039652
CHEMBL941,CHEMBL614524,IC50,100.0,nM,CHEMBL5039655
CHEMBL941,CHEMBL385,IC50,82.9,nM,CHEMBL5039656
CHEMBL941,CHEMBL613997,IC50,51.3,nM,CHEMBL5039657
CHEMBL941,CHEMBL612794,IC50,1000.0,nM,CHEMBL5039658
CHEMBL941,CHEMBL397,IC50,1000.0,nM,CHEMBL5039659
CHEMBL941,CHEMBL2096618,IC50,54.0,nM,CHEMBL5056804
CHEMBL941,CHEMBL2096618,IC50,280.0,nM,CHEMBL5056805
CHEMBL941,CHEMBL385,IC50,4260.0,nM,CHEMBL5056806
CHEMBL941,CHEMBL394,IC50,34300.0,nM,CHEMBL5104330
CHEMBL941,CHEMBL394,IC50,34300.0,nM,CHEMBL5104417
CHEMBL941,CHEMBL2096618,IC50,25.0,nM,CHEMBL5108963
CHEMBL941,CHEMBL2096618,IC50,2.79,nM,CHEMBL5115322
CHEMBL941,CHEMBL2096618,IC50,115.64,nM,CHEMBL5115323
CHEMBL941,CHEMBL385,IC50,1100.0,nM,CHEMBL5115325
CHEMBL941,CHEMBL4296449,IC50,13470.0,nM,CHEMBL5115327
CHEMBL941,CHEMBL4296447,IC50,93010.0,nM,CHEMBL5115329
CHEMBL941,CHEMBL614524,IC50,230.0,nM,CHEMBL5115332
CHEMBL941,CHEMBL614524,IC50,10000.0,nM,CHEMBL5115334
CHEMBL941,CHEMBL5393,IC50,3710.0,nM,CHEMBL5128702
CHEMBL941,CHEMBL1862,IC50,220.0,nM,CHEMBL5131956
CHEMBL941,CHEMBL4303836,IC50,9823.0,nM,CHEMBL5132015
CHEMBL941,CHEMBL4303835,IC50,130.0,nM,CHEMBL5132017
CHEMBL941,CHEMBL1862,IC50,190.0,nM,CHEMBL5142405
CHEMBL941,CHEMBL1862,IC50,10000.0,nM,CHEMBL5142406
CHEMBL941,CHEMBL614818,IC50,10000.0,nM,CHEMBL5142408
CHEMBL941,CHEMBL615023,IC50,27150.0,nM,CHEMBL5160539
CHEMBL941,CHEMBL614347,IC50,31690.0,nM,CHEMBL5160543
CHEMBL941,CHEMBL614038,IC50,20500.0,nM,CHEMBL5160546
CHEMBL941,CHEMBL614894,IC50,15010.0,nM,CHEMBL5160547
CHEMBL941,CHEMBL2007,IC50,71.0,nM,CHEMBL5160550
CHEMBL941,CHEMBL1913,IC50,607.0,nM,CHEMBL5160551
CHEMBL941,CHEMBL1862,IC50,1000.0,nM,CHEMBL5215061
CHEMBL941,CHEMBL1862,IC50,1100.0,nM,CHEMBL5215062
CHEMBL941,CHEMBL203,IC50,0.11,nM,CHEMBL5216306
CHEMBL941,CHEMBL1824,IC50,0.06,nM,CHEMBL5216307
CHEMBL941,CHEMBL4014,IC50,10000.0,nM,CHEMBL5230439
CHEMBL941,CHEMBL4303835,IC50,3240.0,nM,CHEMBL5231845
CHEMBL941,CHEMBL612546,IC50,30.0,nM,CHEMBL5233736
CHEMBL941,CHEMBL612546,IC50,188.0,nM,CHEMBL5233737
CHEMBL941,CHEMBL1936,IC50,400.0,nM,CHEMBL5233738
CHEMBL941,CHEMBL2096618,IC50,100.0,nM,CHEMBL5233749
CHEMBL941,CHEMBL2096618,IC50,100.0,nM,CHEMBL5233750
CHEMBL941,CHEMBL2096618,IC50,100.0,nM,CHEMBL5233751
CHEMBL941,CHEMBL1075573,IC50,4700.0,nM,CHEMBL5233758
CHEMBL941,CHEMBL2096618,IC50,260.0,nM,CHEMBL5237470
CHEMBL941,CHEMBL2096618,IC50,6400.0,nM,CHEMBL5237471
CHEMBL941,CHEMBL385,IC50,13970.0,nM,CHEMBL5241014
CHEMBL941,CHEMBL383,IC50,17200.0,nM,CHEMBL5241015
CHEMBL941,CHEMBL387,IC50,25550.0,nM,CHEMBL5241016
CHEMBL941,CHEMBL4523652,IC50,38.0,nM,CHEMBL5244901
CHEMBL941,CHEMBL2749,IC50,50.0,nM,CHEMBL5244902
CHEMBL941,CHEMBL267,IC50,100000.0,nM,CHEMBL5244903
CHEMBL941,CHEMBL1862,IC50,370.0,nM,CHEMBL5247281
CHEMBL941,CHEMBL385,IC50,135.0,nM,CHEMBL5249269
CHEMBL941,CHEMBL383,IC50,28540.0,nM,CHEMBL5249270
CHEMBL941,CHEMBL612794,IC50,16590.0,nM,CHEMBL5249271
CHEMBL941,CHEMBL613107,IC50,159000.0,nM,CHEMBL5378830
CHEMBL941,CHEMBL1936,IC50,720.0,nM,CHEMBL5381728
CHEMBL941,CHEMBL1936,IC50,59.0,nM,CHEMBL5381729
CHEMBL941,CHEMBL1936,IC50,4750.0,nM,CHEMBL5381730
